{
  "безПредставителя": false,
  "несколькоОтветчиков": true,
  "наличиеТретьихЛиц": true,
  "датаСудебногоЗаседания": "2026-05-20",
  "датаЗаявления": "2026-01-26",
  "ответчикОбщий": {
    "суд": "Арбитражный суд города Москвы",
    "адресСуда": "115191, г. Москва, ул. Большая Тульская, д. 17",
    "номерДела": "А40-199222/2026",
    "арбитражныйПроцесс": true,
    "юрСтатусОтветчика": "Юридическое лицо",
    "наименование": "ПАО «Группа Компаний ПИК»",
    "адресРегистрации": "123112, г. Москва, Пресненская наб., д. 12, офис 45",
    "адресРегистрацииНеизвестен": false,
    "типСудебногоДела": "Прочие дела"
  },
  "супругсупругаДолжника": {
    "фамилияИмяОтчество": "Иванова Мария Петровна",
    "адресРегистрации": "г. Москва, ул. Строителей, д. 1",
    "адресРегистрацииНеизвестен": false
  },
  "истец": {
    "истец1": "Индивидуальный предприниматель",
    "наименование": "Смирнов Алексей Владимирович",
    "адресРегистрации": "г. Санкт-Петербург, Невский пр-т, д. 110, кв. 5",
    "адресПроживанияпочтовый": "190000, г. Санкт-Петербург, а/я 123",
    "должностьПодписанта": "Генеральный директор",
    "директорВзыскателя": "Смирнов А.В.",
    "фамилияИмяОтчество": "Иванова Мария Ивановна"
  },
  "представитель": {
    "уровеньПредставителя": "ЮРИСТ С ВЫСШИМ ОБРАЗОВАНИЕМ",
    "фамилияИмяОтчество": "Сидоров Сидор Сидорович",
    "адресПроживанияпочтовый": "г. Москва, ул. Правды, д. 24",
    "телефон": "+7 (900) 111-22-33",
    "email": "lawyer@company.ru"
  },
  "солидарныеОтветчикиОбщий": [
    {
      "юрСтатусОтветчика": "Юридическое лицо",
      "наименование": "ООО «СтройГрупп»",
      "адресРегистрации": "111000, г. Москва, ул. Строителей, д. 1",
      "адресРегистрацииНеизвестен": false
    },
    {
      "юрСтатусОтветчика": "Физическое лицо",
      "наименование": "Петров Петр Петрович",
      "адресРегистрации": "123000, г. Москва, ул. Тверская, д. 10, кв. 5",
      "адресРегистрацииНеизвестен": false
    },
    {
      "юрСтатусОтветчика": "Индивидуальный предприниматель",
      "наименование": "Волков Дмитрий Пантелемонович",
      "адресРегистрации": "г. Москва, Ленинский пр-т, д. 32",
      "адресРегистрацииНеизвестен": false
    }
  ],
  "контрагенты": [
    {
      "наименование": "ПАО «Банк ВТБ»",
      "адресРегистрации": "г. Санкт-Петербург, Большая Морская, д. 29",
      "адресРегистрацииНеизвестен": false,
      "юрСтатусКонтрагента": "Юридическое лицо"
    }
  ],
  "списокПриобщаемыхДокументов": [
    "Копия договора аренды № 55 от 12.01.2024",
    "Платежное поручение № 101 от 15.01.2024",
    "Выписка из ЕГРЮЛ на ответчика",
    "Расчет задолженности (оригинал)"
  ],
  "исполнительЮрУслуг": {
    "исполнительЮрУслуг1": "Индивидуальный предприниматель",
    "наименование": "Соколова Елена Владимировна",
    "адресРегистрации": "125009, г. Москва, ул. Тверская, д. 20, кв. 45",
    "адресПроживанияпочтовый": "125009, г. Москва, ул. Тверская, д. 20, кв. 45",
    "должностьПодписанта": "Генеральный директор",
    "директорВзыскателя": "Соколова Е.В."
  }
}
