{
  "ответчикОбщий": {
    "суд": "Арбитражный суд Московской области",
    "адресСуда": "107053, г. Москва, пр-т Академика Сахарова, д. 18",
    "номерДела": "А41-8877/2026",
    "арбитражныйПроцесс": true,
    "юрСтатусОтветчика": "Индивидуальный предприниматель",
    "наименование": "Воронов Дмитрий Сергеевич",
    "адресРегистрации": "141400, Московская обл., г. Химки, ул. Ленинградская, д. 1",
    "адресРегистрацииНеизвестен": false
  },
  "истец": {
    "истец1": "Юридическое лицо",
    "наименование": "АО «Газпром»",
    "адресРегистрации": "г. Санкт-Петербург, Лахта Центр",
    "адресПроживанияпочтовый": "г. Санкт-Петербург, Лахта Центр",
    "должностьПодписанта": "Генеральный директор",
    "директорВзыскателя": "Миллер Алексей Борисович"
  },
  "представитель": {
    "уровеньПредставителя": "АДВОКАТ",
    "фамилияИмяОтчество": "Репина Ольга Сергеевна",
    "адресПроживанияпочтовый": "101000, г. Москва, Кривоколенный пер., д. 5",
    "телефон": "+7 (495) 987-65-43",
    "email": "repina@advokat.ru"
  },
  "списокПриобщаемыхДокументов": [
"Копия договора аренды № 55 от 12.01.2024",
"Платежное поручение № 101 от 15.01.2024",
"Выписка из ЕГРЮЛ на ответчика",
"Расчет задолженности (оригинал)"
  ],
  "безПредставителя": false,
  "несколькоОтветчиков": false,
  "наличиеТретьихЛиц": false,
  "датаСудебногоЗаседания": "2026-04-15",
  "датаЗаявления": "2026-01-26",
  "исполнительЮрУслуг": {
    "исполнительЮрУслуг1": "Юридическое лицо",
    "наименование": "АО «Юридическая корпорация «Закон и Порядок»",
    "адресРегистрации": "101000, г. Москва, Покровский бульвар, д. 4/17, стр. 1",
    "адресПроживанияпочтовый": "101000, г. Москва, а/я 77",
    "должностьПодписанта": "Управляющий партнер",
    "директорВзыскателя": "Белов Игорь Сергеевич"
  }
}