{
  "ответчикОбщий": {
    "суд": "Пресненский районный суд города Москвы",
    "адресСуда": "123242, г. Москва, ул. Зоологическая, д. 20",
    "номерДела": "02-4521/2026",
    "арбитражныйПроцесс": false,
    "юрСтатусОтветчика": "Физическое лицо",
    "наименование": "Смирнов Евгений Александрович",
    "адресРегистрации": "123000, г. Москва, ул. Красная Пресня, д. 10, кв. 55",
    "адресРегистрацииНеизвестен": false
  },
  "супругсупругаДолжника": {
    "фамилияИмяОтчество": "Иванова Мария Петровна",
    "адресРегистрации": "г. Москва, ул. Строителей, д. 1",
    "адресРегистрацииНеизвестен": false
  },
  "истец": {
    "истец1": "Физическое лицо",
    "наименование": "Иванова Мария Ивановна",
    "фамилияИмяОтчество": "Иванова Мария Ивановна",
    "адресРегистрации": "г. Москва, Тверская ул., д. 10",
    "адресПроживанияпочтовый": "г. Москва, Тверская ул., д. 10",
    "должностьПодписанта": "",
    "директорВзыскателя": "Иванова Мария Ивановна"
  },
  "списокПриобщаемыхДокументов": [
    "Копия договора аренды № 55 от 12.01.2024",
    "Платежное поручение № 101 от 15.01.2024",
    "Выписка из ЕГРЮЛ на ответчика",
    "Расчет задолженности (оригинал)"
  ],
  "безПредставителя": true,
  "несколькоОтветчиков": false,
  "наличиеТретьихЛиц": false,
  "датаСудебногоЗаседания": "2026-03-01",
  "датаЗаявления": "2026-01-26",
  "исполнительЮрУслуг": {
    "исполнительЮрУслуг1": "Юридическое лицо",
    "наименование": "ООО «Правовая защита»",
    "адресРегистрации": "119019, г. Москва, ул. Арбат, д. 15, офис 201",
    "адресПроживанияпочтовый": "119019, г. Москва, ул. Арбат, д. 15, офис 201",
    "должностьПодписанта": "Генеральный директор",
    "директорВзыскателя": "Королёв Андрей Викторович"
  }
}
